region,size,mean,std,nodes
4,81,53787.476587697565,20253.805292913883,4
2|3,162,54327.52368955623,20145.489910765733,"1,2"
