region,mean_total,regret_vs_global_best
0,4.577317988146865,0.4214155696184747
1,5.462383875059211,1.306481456530821
2,6.807635193126955,2.651732774598565
3,7.5512958440523725,3.3953934255239826
4,8.306795245726148,4.150892827197758
5,9.419828950556031,5.263926532027641
6,12.09845072548361,7.942548306955221
7,12.85377055785142,8.69786813932303
8,14.3028778631305,10.14697544460211
